,ntaname,boro_name,count,2019-12-31,2020-01-31,2020-02-29,2020-03-31,2020-04-30,2020-05-31,2020-06-30,2020-07-31,2020-08-31,2020-09-30,2020-10-31
0,Borough Park,Brooklyn,1,804830.0,800107.0,794346.0,792962.0,792549.0,792589.0,791801.0,790573.0,792553.0,794147.0,792330.0
1,Murray Hill,Queens,1,385161.0,384721.0,384396.0,383443.0,383618.0,383362.0,383960.0,384397.0,384940.0,386321.0,388206.0
2,East Elmhurst,Queens,1,660059.0,663453.0,665648.0,667851.0,669964.0,671708.0,672445.0,672120.0,672802.0,676621.0,681728.0
3,Erasmus,Brooklyn,2,583771.5,581603.5,578528.0,578563.5,580280.5,584362.5,586204.0,589292.0,592369.5,592750.5,592178.0
4,Hollis,Queens,1,554610.0,554907.0,555797.0,556189.0,557034.0,557172.0,558160.0,560169.0,562641.0,566751.0,568297.0
5,Homecrest,Brooklyn,1,466922.0,465258.0,461046.0,458023.0,455629.0,453952.0,449727.0,446202.0,444204.0,441861.0,439498.0
6,Fresh Meadows-Utopia,Queens,2,899699.5,899561.5,897967.0,893619.5,890875.0,886709.5,884524.0,880108.0,877002.5,874753.0,871890.5
7,Longwood,Bronx,1,357420.0,363632.0,369056.0,371127.0,374941.0,379046.0,384528.0,389711.0,393530.0,399630.0,406293.0
8,Midwood,Brooklyn,1,619772.0,618637.0,616965.0,615719.0,616133.0,616338.0,616457.0,615549.0,615870.0,617646.0,619085.0
9,St. Albans,Queens,1,522758.0,524472.0,525775.0,526581.0,527156.0,527504.0,528954.0,529913.0,531079.0,532542.0,532581.0
10,Clinton Hill,Brooklyn,1,840159.0,837474.0,842082.0,842921.0,841503.0,835861.0,826878.0,816734.0,807905.0,802166.0,795043.0
11,Pelham Bay-Country Club-City Island,Bronx,3,430267.66666666674,430454.33333333326,431135.0,429721.66666666674,429406.0,429702.33333333326,432114.0,435987.33333333326,439844.0,444073.66666666674,445336.0
12,Cambria Heights,Queens,1,504901.0,508226.0,511840.0,516563.0,520969.0,524885.0,527912.0,532115.0,534913.0,537620.0,538624.0
13,Starrett City,Brooklyn,1,466522.0,469786.0,473683.0,477718.0,481273.0,484068.0,487288.0,490425.0,494324.0,497910.0,502228.0
14,Jamaica Estates-Holliswood,Queens,2,564428.5,567444.0,571411.0,574490.5,576265.5,577342.5,578026.0,578252.0,579186.5,581835.0,583453.5
15,Madison,Brooklyn,3,655710.0,654836.0,653204.6666666665,653849.0,654922.6666666665,656969.3333333335,657841.3333333335,660879.3333333335,665044.3333333335,670728.0,674493.3333333335
16,Kensington-Ocean Parkway,Brooklyn,2,529696.5,527719.0,524929.0,524991.5,523966.0,523911.0,522122.5,520398.0,518100.5,513267.5,510792.5
17,Gravesend,Brooklyn,1,541572.0,541716.0,541355.0,541922.0,542968.0,544258.0,544914.0,544872.0,546841.0,550227.0,553961.0
18,Bensonhurst East,Brooklyn,1,611241.0,609647.0,607745.0,607572.0,606918.0,605936.0,604465.0,604138.0,606249.0,609753.0,612362.0
19,Williamsburg,Brooklyn,1,828408.0,829231.0,834288.0,837136.0,840353.0,840346.0,842261.0,845125.0,851529.0,859176.0,866360.0
20,Bedford,Brooklyn,1,806956.0,808933.0,813162.0,816222.0,818223.0,819325.0,820386.0,819766.0,821245.0,823928.0,825524.0
21,Stuyvesant Heights,Brooklyn,1,806956.0,808933.0,813162.0,816222.0,818223.0,819325.0,820386.0,819766.0,821245.0,823928.0,825524.0
22,Gramercy,Manhattan,1,818240.0,812907.0,803157.0,793522.0,788586.0,783531.0,781606.0,777060.0,775503.0,774208.0,768413.0
23,Ocean Hill,Brooklyn,1,476044.0,474225.0,473244.0,472140.0,472602.0,471969.0,472954.0,475057.0,478550.0,481690.0,482924.0
24,Crown Heights South,Brooklyn,1,749436.0,748113.0,748149.0,748324.0,748116.0,747032.0,748034.0,748155.0,750565.0,751340.0,753421.0
25,Rugby-Remsen Village,Brooklyn,1,562587.0,565510.0,566708.0,568343.0,570062.0,573447.0,575816.0,579917.0,583997.0,587364.0,588793.0
26,Allerton-Pelham Gardens,Bronx,1,537733.0,540029.0,541640.0,539893.0,540083.0,542066.0,547766.0,554508.0,561312.0,569224.0,574051.0
27,East Flatbush-Farragut,Brooklyn,1,562587.0,565510.0,566708.0,568343.0,570062.0,573447.0,575816.0,579917.0,583997.0,587364.0,588793.0
28,Bushwick South,Brooklyn,1,586239.0,589960.0,593205.0,596055.0,597842.0,599682.0,600170.0,597613.0,596895.0,595557.0,596124.0
29,Bushwick North,Brooklyn,1,586239.0,589960.0,593205.0,596055.0,597842.0,599682.0,600170.0,597613.0,596895.0,595557.0,596124.0
30,Ridgewood,Queens,1,580192.0,583964.0,586705.0,588209.0,589855.0,592249.0,593861.0,596869.0,599120.0,602142.0,604033.0
31,Ocean Parkway South,Brooklyn,1,804830.0,800107.0,794346.0,792962.0,792549.0,792589.0,791801.0,790573.0,792553.0,794147.0,792330.0
32,Fort Greene,Brooklyn,1,875871.0,870007.0,868564.0,866956.0,867474.0,866340.0,863652.0,858797.0,854440.0,853522.0,856194.0
33,Queensbridge-Ravenswood-Long Island City,Queens,1,537072.0,537927.0,538910.0,538589.0,539055.0,539317.0,540700.0,541584.0,542424.0,543350.0,545214.0
34,West Farms-Bronx River,Bronx,1,281475.0,284957.0,288395.0,289218.0,291070.0,294130.0,297807.0,301530.0,303484.0,306343.0,309411.0
35,Parkchester,Bronx,1,183682.0,185303.0,186640.0,186220.0,186519.0,187707.0,189468.0,190429.0,190564.0,191118.0,191098.0
36,Soundview-Bruckner,Bronx,1,339968.0,345540.0,352365.0,355413.0,355744.0,357049.0,361794.0,367570.0,372821.0,377400.0,380560.0
37,Glendale,Queens,1,658095.0,659728.0,660480.0,660367.0,660091.0,659894.0,660180.0,661703.0,663588.0,666700.0,668608.0
38,Van Cortlandt Village,Bronx,2,186957.0,186468.0,185214.5,183042.5,181743.0,181032.0,182077.0,182624.5,182967.5,182220.0,181621.0
39,Pomonok-Flushing Heights-Hillcrest,Queens,2,581660.0,583102.0,583807.5,583035.5,582308.5,580461.0,579358.5,578665.0,580771.5,583360.0,585904.5
40,Clinton,Manhattan,2,1117833.0,1114822.0,1112273.5,1112783.5,1116394.0,1117288.5,1114668.0,1106643.5,1100288.5,1096072.0,1090439.0
41,Queens Village,Queens,1,558650.0,560156.0,561435.0,561313.0,561485.0,561057.0,561854.0,563566.0,564661.0,566028.0,564548.0
42,Middle Village,Queens,1,744447.0,744609.0,745153.0,744625.0,745057.0,743854.0,744037.0,745543.0,747939.0,751733.0,753422.0
43,Elmhurst,Queens,1,364271.0,363632.0,362518.0,361380.0,360149.0,358597.0,357238.0,357476.0,358557.0,361052.0,363456.0
44,East New York (Pennsylvania Ave),Brooklyn,1,466522.0,469786.0,473683.0,477718.0,481273.0,484068.0,487288.0,490425.0,494324.0,497910.0,502228.0
45,Upper East Side-Carnegie Hill,Manhattan,2,1355192.5,1363122.0,1372996.0,1379463.5,1380896.0,1379664.5,1379550.0,1386972.0,1399888.0,1415611.5,1429303.5
46,Woodlawn-Wakefield,Bronx,2,344825.0,346163.0,347772.5,347374.0,349215.5,351648.0,355336.0,358035.0,360822.5,363657.5,365951.5
47,Bronxdale,Bronx,1,537733.0,540029.0,541640.0,539893.0,540083.0,542066.0,547766.0,554508.0,561312.0,569224.0,574051.0
48,South Ozone Park,Queens,1,520056.0,521046.0,522444.0,524114.0,526252.0,526582.0,527698.0,529856.0,532842.0,536602.0,539402.0
49,Bath Beach,Brooklyn,1,498541.0,497241.0,496100.0,495917.0,495778.0,495517.0,497288.0,499188.0,502812.0,506560.0,510212.0
50,Bensonhurst West,Brooklyn,2,593393.5,591903.5,590422.5,590669.0,591073.5,591292.5,591302.5,591731.5,594570.0,597859.0,600989.0
51,Maspeth,Queens,1,711484.0,713428.0,715659.0,716050.0,717007.0,717569.0,718936.0,720974.0,722827.0,726618.0,728893.0
52,Arden Heights,Staten Island,1,409880.0,409496.0,409339.0,409607.0,411024.0,411989.0,413268.0,414211.0,416114.0,416509.0,417673.0
53,Elmhurst-Maspeth,Queens,2,537877.5,538530.0,539088.5,538715.0,538578.0,538083.0,538087.0,539225.0,540692.0,543835.0,546174.5
54,College Point,Queens,1,657903.0,656026.0,654320.0,651859.0,650558.0,650033.0,650098.0,650237.0,650782.0,652869.0,655032.0
55,North Side-South Side,Brooklyn,1,903978.0,901389.0,901774.0,901304.0,904486.0,905874.0,908136.0,910025.0,912981.0,915815.0,918748.0
56,Rikers Island,Bronx,1,432033.0,432776.0,432561.0,431434.0,431135.0,430728.0,431828.0,432437.0,433654.0,437412.0,442265.0
57,Brownsville,Brooklyn,1,452490.0,455336.0,457261.0,459581.0,462696.0,466572.0,471416.0,475960.0,481318.0,488235.0,494928.0
58,Schuylerville-Throgs Neck-Edgewater Park,Bronx,1,482367.0,483055.0,484188.0,483311.0,484450.0,485541.0,488949.0,491765.0,495393.0,500188.0,502649.0
59,Annadale-Huguenot-Prince's Bay-Eltingville,Staten Island,4,597044.25,596183.5,595795.75,596395.25,597994.75,598538.25,600274.5,602028.5,605329.25,606149.25,608491.0
60,Battery Park City-Lower Manhattan,Manhattan,2,992001.5,988435.0,984199.5,976720.0,972876.0,970151.0,968504.0,962975.0,958724.0,957048.5,958702.0
61,Lincoln Square,Manhattan,1,1175512.0,1175502.0,1170589.0,1160170.0,1160121.0,1159339.0,1158839.0,1164965.0,1171275.0,1178386.0,1174918.0
62,Midtown-Midtown South,Manhattan,1,1153980.0,1158805.0,1160296.0,1159503.0,1158655.0,1157161.0,1151471.0,1142567.0,1138986.0,1143143.0,1148147.0
63,Prospect Lefferts Gardens-Wingate,Brooklyn,2,665920.0,667388.0,667624.0,667621.5,667593.0,667434.5,667845.5,668407.5,671472.5,671286.0,671419.0
64,Highbridge,Bronx,2,263709.0,265269.5,266764.5,265864.5,265852.0,266254.0,268235.0,269139.0,269147.5,269076.5,270128.5
65,Seagate-Coney Island,Brooklyn,1,550049.0,546803.0,541985.0,540006.0,534536.0,529095.0,519745.0,509252.0,500090.0,489784.0,478164.0
66,Windsor Terrace,Brooklyn,1,718897.0,715991.0,711689.0,709330.0,708212.0,708423.0,711096.0,715729.0,720631.0,721959.0,723029.0
67,Canarsie,Brooklyn,1,498302.0,500433.0,501794.0,504232.0,507004.0,510330.0,513851.0,517051.0,520759.0,524422.0,527490.0
68,North Riverdale-Fieldston-Riverdale,Bronx,3,325414.33333333326,325453.33333333326,325572.0,322945.33333333326,321244.66666666674,320239.0,321381.66666666674,321547.0,321290.33333333326,322010.33333333326,323250.0
69,Spuyten Duyvil-Kingsbridge,Bronx,2,268935.5,270990.5,271245.0,268701.0,267632.0,267443.5,268934.5,270547.0,271797.5,273815.5,275949.0
70,Flatbush,Brooklyn,2,583771.5,581603.5,578528.0,578563.5,580280.5,584362.5,586204.0,589292.0,592369.5,592750.5,592178.0
71,Flatlands,Brooklyn,1,517284.0,517311.0,518550.0,521112.0,525297.0,530825.0,535062.0,541187.0,547153.0,554908.0,561199.0
72,Douglas Manor-Douglaston-Little Neck,Queens,1,822076.0,820884.0,820613.0,819119.0,819853.0,819437.0,820942.0,821137.0,822000.0,824663.0,826986.0
73,Soundview-Castle Hill-Clason Point-Harding Park,Bronx,2,420077.5,422024.0,423505.5,422754.0,423599.0,425352.5,428771.5,430878.5,433009.0,436172.0,439677.0
74,Brooklyn Heights-Cobble Hill,Brooklyn,2,1183403.0,1173923.0,1169621.0,1166729.5,1164493.5,1158933.5,1149456.0,1149527.0,1159650.0,1180234.0,1207804.5
75,Park Slope-Gowanus,Brooklyn,2,1079358.5,1070109.5,1064714.5,1060339.0,1061144.0,1058987.0,1056598.0,1054989.0,1057539.5,1057370.0,1056763.0
76,Charleston-Richmond Valley-Tottenville,Staten Island,3,636190.0,635284.3333333335,634523.3333333335,635509.6666666665,638811.3333333335,641040.0,643805.6666666665,645698.0,648072.6666666665,647922.3333333335,649099.0
77,Rossville-Woodrow,Staten Island,2,575636.5,575725.0,575839.5,577305.5,579364.5,580979.0,582357.5,583437.5,585553.5,586502.0,589082.0
78,Central Harlem North-Polo Grounds,Manhattan,1,702529.0,701296.0,700898.0,699396.0,698107.0,694159.0,693901.0,691147.0,691029.0,689931.0,691664.0
79,Yorkville,Manhattan,2,1355192.5,1363122.0,1372996.0,1379463.5,1380896.0,1379664.5,1379550.0,1386972.0,1399888.0,1415611.5,1429303.5
80,Auburndale,Queens,1,817933.0,817784.0,817266.0,815577.0,814976.0,813950.0,813921.0,813545.0,813699.0,815345.0,815803.0
81,East Flushing,Queens,1,512852.0,513928.0,514602.0,513719.0,513830.0,513356.0,513658.0,513095.0,513335.0,514835.0,516152.0
82,Morrisania-Melrose,Bronx,1,304670.0,308940.0,312084.0,312666.0,313069.0,313819.0,315211.0,315463.0,314513.0,313431.0,312324.0
83,Marble Hill-Inwood,Manhattan,2,608314.0,607629.5,605919.0,603991.0,601671.5,600944.0,600185.5,599116.0,600200.5,601952.5,605423.0
84,Hudson Yards-Chelsea-Flatiron-Union Square,Manhattan,2,1117833.0,1114822.0,1112273.5,1112783.5,1116394.0,1117288.5,1114668.0,1106643.5,1100288.5,1096072.0,1090439.0
85,West Brighton,Brooklyn,1,435032.0,432540.0,429402.0,427453.0,429245.0,431333.0,431476.0,433969.0,437475.0,441773.0,443633.0
86,West Village,Manhattan,3,1592546.0,1574610.333333333,1554018.333333333,1544714.666666667,1552054.666666667,1553346.0,1546513.0,1526794.333333333,1517566.0,1506474.333333333,1504843.666666667
87,Upper West Side,Manhattan,1,1175512.0,1175502.0,1170589.0,1160170.0,1160121.0,1159339.0,1158839.0,1164965.0,1171275.0,1178386.0,1174918.0
88,Norwood,Bronx,1,158497.0,160411.0,161656.0,162799.0,165928.0,168745.0,171820.0,173387.0,174421.0,174878.0,175151.0
89,Bedford Park-Fordham North,Bronx,2,186957.0,186468.0,185214.5,183042.5,181743.0,181032.0,182077.0,182624.5,182967.5,182220.0,181621.0
90,Fordham South,Bronx,1,197334.0,196631.0,195108.0,193428.0,192047.0,191413.0,190928.0,189891.0,188224.0,185988.0,183910.0
91,Mount Hope,Bronx,2,263709.0,265269.5,266764.5,265864.5,265852.0,266254.0,268235.0,269139.0,269147.5,269076.5,270128.5
92,Eastchester-Edenwald-Baychester,Bronx,2,453445.0,455155.0,457100.5,457303.5,458324.0,460068.5,463540.0,466258.5,469114.0,473139.5,476721.5
93,Co-op City,Bronx,1,489367.0,493493.0,496332.0,497027.0,497757.0,499702.0,503442.0,507474.0,511134.0,514909.0,518295.0
94,East Tremont,Bronx,2,252057.5,252251.0,251711.0,249791.5,248807.5,249311.0,250691.0,250655.0,248341.5,245730.5,244679.5
95,Sheepshead Bay-Gerritsen Beach-Manhattan Beach,Brooklyn,3,655710.0,654836.0,653204.6666666665,653849.0,654922.6666666665,656969.3333333335,657841.3333333335,660879.3333333335,665044.3333333335,670728.0,674493.3333333335
96,Grymes Hill-Clifton-Fox Hills,Staten Island,2,522094.0,521305.0,520611.5,521322.5,522798.5,524473.5,525472.5,527337.5,530408.0,530677.5,531905.5
97,Rosedale,Queens,1,513470.0,512908.0,512899.0,514027.0,516000.0,518277.0,520296.0,523883.0,528168.0,534949.0,541643.0
98,New Dorp-Midland Beach,Staten Island,2,579785.0,580066.5,580178.5,580845.5,582308.0,582951.0,583404.5,583268.0,584282.5,584015.5,585197.0
99,East Williamsburg,Brooklyn,1,903978.0,901389.0,901774.0,901304.0,904486.0,905874.0,908136.0,910025.0,912981.0,915815.0,918748.0
100,West Concourse,Bronx,2,263709.0,265269.5,266764.5,265864.5,265852.0,266254.0,268235.0,269139.0,269147.5,269076.5,270128.5
101,Old Town-Dongan Hills-South Beach,Staten Island,2,567708.5,566845.5,567205.5,567625.0,568978.0,569518.5,570345.5,570634.5,571816.0,570899.0,571390.0
102,DUMBO-Vinegar Hill-Downtown Brooklyn-Boerum Hill,Brooklyn,3,1127272.666666667,1123364.0,1124427.666666667,1127944.0,1131939.333333333,1134947.0,1136571.333333333,1139044.333333333,1143537.666666667,1148491.666666667,1154733.666666667
103,Georgetown-Marine Park-Bergen Beach-Mill Basin,Brooklyn,4,600112.5,600486.25,601203.25,601661.75,602957.5,604953.0,608112.75,611343.0,616552.0,623032.75,628876.75
104,Pelham Parkway,Bronx,2,473990.5,476908.0,480780.5,481793.5,484515.0,487525.0,491895.0,495349.0,498472.0,502914.0,506207.0
105,Carroll Gardens-Columbia Street-Red Hook,Brooklyn,3,1225630.666666667,1225674.333333333,1228298.666666667,1232511.333333333,1233606.0,1232001.333333333,1229411.333333333,1227600.333333333,1228630.333333333,1232861.0,1238091.0
106,Bayside-Bayside Hills,Queens,1,646523.0,644815.0,643461.0,641732.0,641324.0,640051.0,640029.0,639129.0,639196.0,640464.0,642164.0
107,Hamilton Heights,Manhattan,1,498589.0,499239.0,496608.0,491850.0,486453.0,486442.0,487814.0,489826.0,489365.0,494292.0,500357.0
108,East Harlem South,Manhattan,1,702529.0,701296.0,700898.0,699396.0,698107.0,694159.0,693901.0,691147.0,691029.0,689931.0,691664.0
109,Old Astoria,Queens,1,537072.0,537927.0,538910.0,538589.0,539055.0,539317.0,540700.0,541584.0,542424.0,543350.0,545214.0
110,park-cemetery-etc-Manhattan,Manhattan,0,0.0,0.0,0.0,0.0,0.0,0.0,0.0,0.0,0.0,0.0,0.0
111,Steinway,Queens,1,432033.0,432776.0,432561.0,431434.0,431135.0,430728.0,431828.0,432437.0,433654.0,437412.0,442265.0
112,Corona,Queens,1,325103.0,326348.0,326943.0,327209.0,327886.0,328459.0,329164.0,329518.0,330562.0,331834.0,333104.0
113,Ft. Totten-Bay Terrace-Clearview,Queens,1,405086.0,405253.0,405399.0,404796.0,405382.0,405910.0,407582.0,409492.0,412703.0,417338.0,422514.0
114,Central Harlem South,Manhattan,1,702529.0,701296.0,700898.0,699396.0,698107.0,694159.0,693901.0,691147.0,691029.0,689931.0,691664.0
115,East Harlem North,Manhattan,1,702529.0,701296.0,700898.0,699396.0,698107.0,694159.0,693901.0,691147.0,691029.0,689931.0,691664.0
116,North Corona,Queens,1,325103.0,326348.0,326943.0,327209.0,327886.0,328459.0,329164.0,329518.0,330562.0,331834.0,333104.0
117,Flushing,Queens,1,512852.0,513928.0,514602.0,513719.0,513830.0,513356.0,513658.0,513095.0,513335.0,514835.0,516152.0
118,Springfield Gardens North,Queens,1,313146.0,314508.0,316457.0,317914.0,319433.0,320041.0,321305.0,322916.0,325281.0,329051.0,333397.0
119,Sunset Park East,Brooklyn,1,561968.0,560998.0,559254.0,557986.0,557556.0,555637.0,553491.0,552614.0,551741.0,549032.0,545577.0
120,Oakland Gardens,Queens,1,326462.0,326397.0,327285.0,328901.0,331705.0,334048.0,336821.0,338175.0,339812.0,342410.0,345727.0
121,Sunset Park West,Brooklyn,2,728023.5,729642.0,731035.0,734530.5,737874.5,739014.0,740565.5,742160.5,746604.5,748524.0,750334.0
122,Kingsbridge Heights,Bronx,2,186957.0,186468.0,185214.5,183042.5,181743.0,181032.0,182077.0,182624.5,182967.5,182220.0,181621.0
123,University Heights-Morris Heights,Bronx,2,263709.0,265269.5,266764.5,265864.5,265852.0,266254.0,268235.0,269139.0,269147.5,269076.5,270128.5
124,New Brighton-Silver Lake,Staten Island,2,507460.5,507105.5,507353.0,508980.5,510948.0,512319.0,512312.5,512859.5,515131.5,517237.5,520032.0
125,West New Brighton-New Brighton-St. George,Staten Island,2,525187.5,523649.5,522927.5,522880.0,524719.5,525608.5,526443.5,527000.5,528543.5,526722.0,526265.5
126,East Village,Manhattan,1,960686.0,964575.0,960805.0,950747.0,932848.0,912101.0,897523.0,894284.0,898063.0,905029.0,907690.0
127,Kew Gardens Hills,Queens,1,335974.0,337462.0,338556.0,338886.0,339492.0,340037.0,341330.0,342337.0,343500.0,345717.0,347718.0
128,park-cemetery-etc-Staten Island,Staten Island,0,0.0,0.0,0.0,0.0,0.0,0.0,0.0,0.0,0.0,0.0,0.0
129,Crotona Park East,Bronx,1,304670.0,308940.0,312084.0,312666.0,313069.0,313819.0,315211.0,315463.0,314513.0,313431.0,312324.0
130,Hunts Point,Bronx,1,357420.0,363632.0,369056.0,371127.0,374941.0,379046.0,384528.0,389711.0,393530.0,399630.0,406293.0
131,Westerleigh,Staten Island,4,588775.75,588426.75,588671.0,588902.75,590177.75,590603.5,591068.0,591167.5,593632.0,593371.5,593449.0
132,Lower East Side,Manhattan,1,987238.0,991033.0,991913.0,995826.0,1000225.0,1002809.0,1001606.0,994188.0,981679.0,968918.0,963551.0
133,Port Richmond,Staten Island,2,439124.5,437892.0,437163.5,437789.5,439395.0,441284.0,443642.0,447216.5,450450.5,451678.0,453254.0
134,Brighton Beach,Brooklyn,1,435032.0,432540.0,429402.0,427453.0,429245.0,431333.0,431476.0,433969.0,437475.0,441773.0,443633.0
135,Forest Hills,Queens,2,582120.0,583796.0,586254.0,585849.5,586351.5,585345.0,586292.5,585391.5,584955.5,585612.5,587570.5
136,Rego Park,Queens,1,356196.0,352581.0,351301.0,349625.0,350736.0,350441.0,352058.0,355023.0,359215.0,362637.0,365491.0
137,Williamsbridge-Olinville,Bronx,1,419108.0,421127.0,423412.0,422970.0,423693.0,424341.0,427995.0,430854.0,433429.0,436209.0,439462.0
138,park-cemetery-etc-Bronx,Bronx,0,0.0,0.0,0.0,0.0,0.0,0.0,0.0,0.0,0.0,0.0,0.0
139,Murray Hill-Kips Bay,Manhattan,1,745999.0,752825.0,752670.0,749583.0,743727.0,735905.0,727654.0,716975.0,715105.0,715660.0,716754.0
140,Kew Gardens,Queens,1,311463.0,311041.0,309894.0,308412.0,307665.0,307770.0,310031.0,311816.0,312607.0,313338.0,314662.0
141,Mariner's Harbor-Arlington-Port Ivory-Graniteville,Staten Island,2,448336.5,447757.5,447076.5,447375.0,448533.0,450156.0,451748.5,453347.5,454611.5,453990.0,454199.5
142,Jackson Heights,Queens,1,423052.0,420799.0,417103.0,416284.0,414525.0,413899.0,410533.0,409894.0,410414.0,412045.0,416149.0
143,Woodside,Queens,1,337225.0,341540.0,345151.0,349254.0,353997.0,358307.0,360556.0,362234.0,364499.0,365954.0,368013.0
144,East Concourse-Concourse Village,Bronx,2,263709.0,265269.5,266764.5,265864.5,265852.0,266254.0,268235.0,269139.0,269147.5,269076.5,270128.5
145,Briarwood-Jamaica Hills,Queens,2,465788.5,465936.0,465866.0,466538.0,466601.0,466694.5,465879.0,466977.0,468489.0,472628.0,476232.5
146,Astoria,Queens,1,537072.0,537927.0,538910.0,538589.0,539055.0,539317.0,540700.0,541584.0,542424.0,543350.0,545214.0
147,Queensboro Hill,Queens,1,512852.0,513928.0,514602.0,513719.0,513830.0,513356.0,513658.0,513095.0,513335.0,514835.0,516152.0
148,Stuyvesant Town-Cooper Village,Manhattan,1,745999.0,752825.0,752670.0,749583.0,743727.0,735905.0,727654.0,716975.0,715105.0,715660.0,716754.0
149,Manhattanville,Manhattan,1,456229.0,456425.0,454904.0,454924.0,459810.0,466469.0,476242.0,480399.0,481520.0,484584.0,489684.0
150,Woodhaven,Queens,1,595435.0,596043.0,597164.0,596676.0,596328.0,595759.0,596655.0,598087.0,599824.0,603085.0,605637.0
151,Whitestone,Queens,2,717663.5,716150.5,714378.5,712513.5,712687.0,712395.5,714074.5,716273.0,719226.5,722598.0,725292.0
152,Greenpoint,Brooklyn,1,903978.0,901389.0,901774.0,901304.0,904486.0,905874.0,908136.0,910025.0,912981.0,915815.0,918748.0
153,Morningside Heights,Manhattan,1,779379.0,772663.0,761977.0,744828.0,727979.0,710386.0,704816.0,701551.0,703328.0,705901.0,712205.0
154,Hammels-Arverne-Edgemere,Queens,1,283320.0,281682.0,283097.0,285243.0,288467.0,290063.0,292178.0,294935.0,299332.0,303972.0,308155.0
155,Far Rockaway-Bayswater,Queens,1,465877.0,466661.0,467893.0,469315.0,471205.0,472443.0,473347.0,476654.0,480061.0,485295.0,487857.0
156,SoHo-TriBeCa-Civic Center-Little Italy,Manhattan,3,2251211.666666666,2252522.0,2256797.333333333,2269269.666666666,2274503.333333333,2270036.666666666,2253480.333333333,2225658.666666666,2205407.333333333,2189858.0,2179991.0
157,Crown Heights North,Brooklyn,1,749436.0,748113.0,748149.0,748324.0,748116.0,747032.0,748034.0,748155.0,750565.0,751340.0,753421.0
158,Chinatown,Manhattan,3,2251211.666666666,2252522.0,2256797.333333333,2269269.666666666,2274503.333333333,2270036.666666666,2253480.333333333,2225658.666666666,2205407.333333333,2189858.0,2179991.0
159,Claremont-Bathgate,Bronx,1,304670.0,308940.0,312084.0,312666.0,313069.0,313819.0,315211.0,315463.0,314513.0,313431.0,312324.0
160,Belmont,Bronx,1,359126.0,363270.0,366706.0,366614.0,367183.0,370021.0,375697.0,381303.0,384893.0,389022.0,392569.0
161,Washington Heights North,Manhattan,1,519562.0,515323.0,511390.0,508418.0,506447.0,503481.0,503536.0,502710.0,505663.0,509853.0,519131.0
162,Washington Heights South,Manhattan,1,519562.0,515323.0,511390.0,508418.0,506447.0,503481.0,503536.0,502710.0,505663.0,509853.0,519131.0
163,Prospect Heights,Brooklyn,1,749436.0,748113.0,748149.0,748324.0,748116.0,747032.0,748034.0,748155.0,750565.0,751340.0,753421.0
164,Van Nest-Morris Park-Westchester Square,Bronx,2,473990.5,476908.0,480780.5,481793.5,484515.0,487525.0,491895.0,495349.0,498472.0,502914.0,506207.0
165,Westchester-Unionport,Bronx,1,275061.0,275724.0,276453.0,276019.0,276702.0,278235.0,280464.0,282553.0,284269.0,286076.0,287760.0
166,Melrose South-Mott Haven North,Bronx,2,467584.5,470050.5,476788.5,482773.0,485006.0,486379.0,486097.5,486362.0,487143.5,490380.0,493179.5
167,Oakwood-Oakwood Beach,Staten Island,1,571286.0,571343.0,570725.0,571581.0,573477.0,575007.0,576424.0,577296.0,579750.0,580257.0,581595.0
168,Great Kills,Staten Island,1,551402.0,550786.0,550850.0,551372.0,553325.0,554000.0,555644.0,556409.0,558731.0,557980.0,558491.0
169,Mott Haven-Port Morris,Bronx,2,467584.5,470050.5,476788.5,482773.0,485006.0,486379.0,486097.5,486362.0,487143.5,490380.0,493179.5
170,Dyker Heights,Brooklyn,1,893811.0,891763.0,890744.0,891969.0,894411.0,895334.0,897038.0,897100.0,900481.0,904826.0,909425.0
171,Bay Ridge,Brooklyn,2,465454.5,464756.5,463883.0,461014.0,457545.5,454961.0,453381.5,454505.5,455343.0,457258.5,461272.0
172,New Springville-Bloomfield-Travis,Staten Island,3,466396.0,465919.66666666674,466809.33333333326,469032.66666666674,473177.66666666674,474953.0,476797.33333333326,476905.33333333326,478826.66666666674,477999.66666666674,478306.66666666674
173,Todt Hill-Emerson Hill-Heartland Village-Lighthouse Hill,Staten Island,4,769182.75,766813.75,765335.75,765384.25,766859.5,766974.0,764416.25,761878.75,761623.25,761160.5,761693.5
174,Grasmere-Arrochar-Ft. Wadsworth,Staten Island,2,611763.0,609716.5,608374.0,608170.5,609157.0,609734.0,608874.5,609100.5,610469.5,610823.5,611651.5
175,Bellerose,Queens,1,615998.0,617807.0,619171.0,619438.0,620221.0,620176.0,622258.0,625052.0,629239.0,633651.0,638964.0
176,Stapleton-Rosebank,Staten Island,2,475985.5,475125.5,474176.0,474776.5,476301.5,478297.5,479012.0,480218.5,481029.0,479749.0,479210.0
177,Glen Oaks-Floral Park-New Hyde Park,Queens,2,500245.5,499930.5,498780.5,497090.5,496210.0,494995.0,495006.5,495779.5,497437.0,498664.0,498436.5
178,South Jamaica,Queens,1,439218.0,439332.0,440256.0,441169.0,442618.0,443684.0,445890.0,448625.0,451519.0,455501.0,458605.0
179,Baisley Park,Queens,1,522758.0,524472.0,525775.0,526581.0,527156.0,527504.0,528954.0,529913.0,531079.0,532542.0,532581.0
180,Turtle Bay-East Midtown,Manhattan,1,784856.0,788546.0,789937.0,787645.0,780568.0,774928.0,772680.0,770346.0,770776.0,774567.0,782306.0
181,Laurelton,Queens,1,514470.0,516622.0,518392.0,519861.0,521753.0,522487.0,524008.0,526429.0,528969.0,532691.0,535007.0
182,Lenox Hill-Roosevelt Island,Manhattan,1,933728.0,931813.0,928936.0,923389.0,917279.0,912566.0,911201.0,907975.0,904687.0,901074.0,901006.0
183,Hunters Point-Sunnyside-West Maspeth,Queens,3,483747.66666666674,482085.33333333326,481359.33333333326,482864.33333333326,483562.66666666674,483388.33333333326,480309.0,476652.33333333326,473658.33333333326,471131.0,470999.33333333326
184,Springfield Gardens South-Brookville,Queens,1,424024.0,425919.0,427548.0,428666.0,429579.0,430466.0,432721.0,436090.0,440340.0,445372.0,449898.0
185,Airport,Queens,1,622196.0,624473.0,626760.0,625484.0,625442.0,626810.0,633311.0,638299.0,639932.0,644303.0,653490.0
186,Cypress Hills-City Line,Brooklyn,1,466522.0,469786.0,473683.0,477718.0,481273.0,484068.0,487288.0,490425.0,494324.0,497910.0,502228.0
187,Ozone Park,Queens,1,548102.0,548951.0,549895.0,550105.0,550713.0,550456.0,551628.0,553789.0,556090.0,558835.0,560388.0
188,East New York,Brooklyn,1,466522.0,469786.0,473683.0,477718.0,481273.0,484068.0,487288.0,490425.0,494324.0,497910.0,502228.0
189,Lindenwood-Howard Beach,Queens,1,430549.0,432327.0,434033.0,435862.0,437551.0,439011.0,440854.0,442839.0,445038.0,446987.0,447738.0
190,park-cemetery-etc-Brooklyn,Brooklyn,0,0.0,0.0,0.0,0.0,0.0,0.0,0.0,0.0,0.0,0.0,0.0
191,Richmond Hill,Queens,1,572196.0,571840.0,572333.0,572168.0,572098.0,571145.0,572393.0,574503.0,577717.0,581482.0,583228.0
192,Jamaica,Queens,1,439218.0,439332.0,440256.0,441169.0,442618.0,443684.0,445890.0,448625.0,451519.0,455501.0,458605.0
193,Breezy Point-Belle Harbor-Rockaway Park-Broad Channel,Queens,3,531021.6666666665,531565.3333333335,533002.0,533948.6666666665,536517.6666666665,537704.6666666665,539185.3333333335,539979.6666666665,541870.0,544999.6666666665,548942.0
194,park-cemetery-etc-Queens,Queens,0,0.0,0.0,0.0,0.0,0.0,0.0,0.0,0.0,0.0,0.0,0.0
